type,nb_photo,prix,code.postal,transport.0,transport.1,transport.2,nb_pieces,nb_chambres,surface,lat,lon,url,Latitude_transport.0,Longitude_transport.0,Latitude_transport.1,Longitude_transport.1,Latitude_transport.2,Longitude_transport.2,distance_station_0,distance_station_1,distance_station_2,Cathédrale Notre-Dame de Paris,Basilique du Sacré-Cœur de Montmartre,Musée du Louvre,Tour Eiffel,Centre Pompidou,Musée d’Orsay,Cité des sciences et de l’industrie,Chapelle Notre-Dame de la Médaille miraculeuse,Grand site du Jardin des plantes,Arc de triomphe,Grand Palais,distance_université_plus_près
appartement,6,700000,75020,ADRIENNE BOLLAND,SAINT-FARGEAU,SEVERINE,5,3,92,48.871436,2.410167,/annonces/appartement-paris-20e-75020-r430401018,48.872169148699996,2.408597764245,48.871861525,2.4044011152599998,48.86742811395,2.408952250135,140.93497488403762,424.8282469050948,454.9360397535377,4860.769577225952,5205.34930727254,5405.352593823985,8596.424813576023,4393.829145472139,6253.635513775707,3156.845334123806,6787.930762549904,5040.560199861228,8433.696446356307,7195.881616521813,5055.293516684372
appartement,6,470000,75020,ALEXANDRE-DUMAS,AVRON,BUZENVAL,3,2,44,48.855618,2.396737,/annonces/appartement-paris-20e-r430400245,48.8564263483,2.39455425765,48.8512535723,2.3985569810033334,48.852041554799996,2.4012499154299998,183.45551115559243,503.8027266981483,517.4668962706784,3435.660194507593,5246.5467043706185,4343.677013795386,7493.851634679127,3288.7428204822986,5160.375444760666,4513.48377998295,5432.532320650959,3379.159976171903,7717.034983289994,6299.756475022611,3047.0306078777294
appartement,12,985000,75017,ARGENTINE,PORTE MAILLOT - PALAIS DES CONGRES,PORTE MAILLOT - PALAIS DES CONGRES,3,2,83,48.878108,2.289385,/annonces/appartement-paris-17e-r429101000,48.875690336,2.2891353116433333,48.87800699753333,2.28428693742,48.87800699753333,2.28428693742,269.7532368884448,373.40254599138086,373.40254599138086,5245.46088433942,4043.603789321448,4031.2490713742814,2240.957873448785,5014.278982438903,3393.9962036614133,7479.1544925228445,3904.3474140188746,5825.621797580988,635.189349563755,2136.549093688369,1370.5793115515528
appartement,12,650000,75018,BARBES - ROCHECHOUART,CHATEAU ROUGE,ANVERS,2,1,56,48.884905,2.347959,/annonces/appartement-paris-18e-limite-9e-r429900807,48.883767742875,2.349447653865,48.8875536061,2.3494837515299998,48.8828716902,2.3441635728,167.03934551489323,315.2591005462221,358.36381628292816,3554.791338267,419.19803978117113,2742.838183869795,4911.18988811636,2726.6499557039006,3191.66209755712,3168.0903223226574,4211.476582445972,4292.924845543444,4067.4961304149547,3346.514314896192,3782.0489250217997
appartement,6,525000,75013,BIBLIOTHEQUE FRANCOIS MITTERRAND,MARYSE BASTIE,OLYMPIADES,2,1,43,48.827202,2.373478,/annonces/appartement-paris-13e-r427700212,48.83007476916,2.377293642812,48.8243748794,2.37706873852,48.827035169,2.3670112583266665,424.80290640486623,410.23827294506805,474.2810000891179,3347.5747780142638,7000.146686640639,4585.201043158431,6740.437166279882,4022.8538732375946,5006.687740928169,7704.442101833232,4543.719123627647,2628.165837388539,7739.424550644804,6240.606513040307,645.8822230362099
appartement,13,790000,75018,BLANCHE,ABBESSES,PLACE DE CLICHY,2,1,44,48.885735,2.332774,/annonces/appartement-paris-18e-r428700711,48.883484736039996,2.33280405126,48.884540514166666,2.3383539603966668,48.883118616349996,2.3272234572712502,250.50789688078274,429.5542111464457,499.9152977393996,3856.170708716116,759.068461556513,2763.987819283984,4148.273388581301,3148.7398006674953,2909.477286482858,4191.4098522131035,3950.386504072355,4609.240459186412,3066.5258492043527,2647.948571296423,3873.3251875100004
appartement,11,910000,75116,BOISSIERE,KLEBER,VICTOR HUGO,2,1,56,48.869107,2.290209,/annonces/appartement-paris-16e-r428800204,48.8668561548,2.29003807345,48.86467128722857,2.2943563674385716,48.8698649125,2.28522620725,250.8753528449698,579.7012753417881,374.4847276282857,4731.714593233402,4339.092170133918,3612.114702517023,1247.6635107874238,4657.183060751556,2853.339589252922,7747.260203065554,3142.31712900228,5227.9404185480225,628.8705955109884,1645.0124740297194,735.8341985746946
studio,10,519000,75016,BOISSIERE,IENA,VICTOR HUGO,1,1,37,48.866944,2.289735,/annonces/appartement-paris-16e-75016-r429800681,48.8668561548,2.29003807345,48.8713061491,2.2933310209,48.8698649125,2.28522620725,24.252104774063096,552.3896841352358,463.3879972689702,4678.642477324444,4483.823294789751,3594.9255609861416,1027.710082819522,4648.6030247811905,2809.5113899032067,7874.421142230159,3020.0878723812,5147.424270999129,854.2054216392982,1649.046475732035,495.1821401856221
appartement,7,850000,75002,BONNE NOUVELLE,GRANDS BOULEVARDS,SENTIER,3,2,59,48.870366,2.3464,/annonces/appartement-paris-2e-75002-r430401224,48.8705767536,2.34849429371,48.871062455975,2.3430993364,48.8673773839,2.3470768150000003,155.13245200630044,253.81063231916093,336.3622604099827,1951.069333070254,1846.769790120205,1195.4133733055276,4032.587063961542,1175.471708175703,1859.7720198845043,4153.178070847947,2770.9412895313585,2700.4393767013353,3779.9053151993458,2546.010249612349,2168.023332994207
appartement,12,1475400,75007,BOSQUET - RAPP,ALMA - MARCEAU,IENA,4,3,91,48.860654,2.299627,/annonces/appartement-paris-7e-75007-r429501323,48.862245242283336,2.3018862385916665,48.864832067116666,2.3017505263833336,48.86467128722857,2.2943563674385716,242.38978405367476,490.41051980010786,590.7411611610657,3786.5202042995425,4308.939725659281,2812.8460917892135,460.4921398523431,3870.3474686836275,1975.856536535303,7556.544065679121,2025.9508913366296,4199.239763706679,1499.2376394723458,1107.5819308114649,911.0329483154012
appartement,8,488000,75015,BRANCION,PORTE DE VANVES,CONVENTION,3,2,45,48.833249,2.303936,/annonces/appartement-paris-15e-75015-r430401109,48.82879196253334,2.30104008985,48.8271083402375,2.30518395937875,48.8371369496,2.29639609016,539.6327563350771,689.6653700059586,701.8184835770707,4027.778850748749,6613.30559868741,3985.2239217642596,2868.779362439549,4680.589286338144,3400.878829026421,9289.0371889751,2402.517229404418,3867.426282860554,4558.629535102826,3713.729519976666,3315.8856294633865
appartement,6,780000,75017,BROCHANT,PONT CARDINET,PORTE DE CLICHY,3,2,59,48.889728,2.318307,/annonces/appartement-paris-17e-75017-r430401149,48.8908648355,2.32049088455,48.88734972035,2.3138414705625,48.8945886309,2.31253516081,203.87682128596438,420.62705308380737,686.4603834719599,4701.198751473771,1837.567447386885,3493.8793734992382,3912.721711884542,4096.049441511391,3373.309016584568,5142.936512856443,4341.692957246607,5435.95761976649,2460.478498585901,2660.976491593551,3754.0220688964414
appartement,6,750000,75015,CAMBRONNE,SEGUR,LA MOTTE-PICQUET-GRENELLE,3,2,60,48.847124,2.303719,/annonces/appartement-paris-15e-75015-r430401315,48.84767896444,2.300816281022,48.8469594723,2.293984852105,48.8490189283,2.29776216071,221.43302131617838,713.3216776671005,484.6775142636116,3452.6919511267697,5271.939869087722,2958.367528827669,1411.6936255176008,3873.0780357850463,2198.405916734761,8207.544355913275,1466.6300423277164,3592.579102665503,3034.590635022327,2208.8566468248987,2100.3292879318715
appartement,7,549000,75015,CAMBRONNE,AVENUE EMILE ZOLA,LA MOTTE-PICQUET-GRENELLE,2,1,46,48.845631,2.300158,/annonces/appartement-paris-15e-75015-r429901116,48.84767896444,2.300816281022,48.8468647021,2.30726884758,48.8490189283,2.29776216071,233.02283266792028,538.7211265435831,415.9805950096145,3742.0872566205912,5555.024844291428,3267.663796667669,1465.7097926838974,4178.2878010636705,2505.152950450973,8513.350993474827,1765.908870996993,3853.8971949192032,3155.79603570409,2450.3154270897207,2113.801780588476
appartement,15,979000,75015,CHARLES MICHELS,JAVEL-ANDRE-CITROEN,JAVEL,3,2,85,48.846401,2.285016,/annonces/appartement-paris-15e-r427301700,48.84641974502857,2.28627880423,48.844613672,2.29380298017,48.84230110304,2.291272331952,92.5329141895007,673.7675633918134,646.8189416908532,4816.574777642531,6186.1810433083665,4215.649149412077,1491.75161123954,5187.481460741631,3396.176825816287,9328.179518788525,2820.725460592619,4962.000092062657,3134.8393025131904,2968.099461637856,1826.9485042356623
appartement,14,970000,75015,CHARLES MICHELS,JAVEL-ANDRE-CITROEN,JAVEL,4,3,84,48.84474,2.282653,/annonces/appartement-paris-15e-75015-r429700380,48.84641974502857,2.28627880423,48.8459638805,2.27781512635,48.8459458249,2.277655142075,324.8365841048469,379.70066655546185,389.96673096681053,5018.361418793407,6439.468598500997,4448.320734057454,1737.2834507411085,5410.1378733088495,3634.4056600045196,9577.12799839205,3027.4161216658263,5138.795650858736,3357.4488821806162,3221.3566807226293,2034.5027992126284
appartement,0,650000,75015,CHARLES MICHELS,COMMERCE,FELIX FAURE,2,1,57,48.845242,2.288901,/annonces/appartement-paris-15e-75015-r430400952,48.84641974502857,2.28627880423,48.8459638805,2.27781512635,48.8459458249,2.277655142075,232.57239235065654,816.0981531630026,827.5696144395207,4558.2524932676015,6091.868581364028,4010.404441700249,1506.0768729911383,4960.201699641562,3207.3789569139312,9178.357916957992,2569.295545424883,4679.441724610963,3208.3657486415354,2888.054788315925,1948.558956307943
studio,5,150000,75011,CHARONNE,FAIDHERBE,RUE DES BOULETS,1,0,11,48.853249,2.385224,/annonces/appartement-paris-11e-75011-r430401329,48.85442011246666,2.38563578687,48.85398702405,2.38230770888,48.85219562573333,2.389401621783333,133.81128185876742,228.86281520956234,327.7000574986159,2580.2111702677275,4848.312857762291,3566.786036508717,6668.377167396965,2534.0942298624864,4358.698358565325,4735.678745064395,4571.138139313741,2495.616770834967,6988.802008885214,5536.2729159831915,2573.968527252338
appartement,9,795000,75010,CHATEAU D'EAU,JACQUES BONSERGENT,STRASBOURG - SAINT-DENIS,2,1,60,48.871317,2.356862,/annonces/appartement-paris-10e-75010-r430401154,48.8723957312,2.3560697711799996,48.87101534735,2.36074226324,48.8683382789,2.35386134295,133.36011652950077,286.0938275893138,397.7777534225787,2100.052156372819,2000.121773010385,1784.3237229064005,4792.567015632927,1236.402352939991,2554.741152179882,3547.7338553889545,3372.0704342805548,2782.302178656306,4535.031071064785,3318.669889069593,2530.582343361321
appartement,12,575000,75010,CHATEAU LANDON,GARE DE L'EST (VERDUN),LA FAYETTE - DUNKERQUE,2,1,48,48.876576,2.362658,/annonces/appartement-paris-10e-r426700660,48.88017748285,2.3627063736333334,48.8764170529,2.35898704646,48.879640708733334,2.35769845848,400.93087820094144,269.34363386912565,498.22375640997774,2783.3552844552337,1834.2629787017358,2490.501490985934,5391.428468917968,1929.2906986958087,3227.5078473328076,2826.8805831189543,4083.038245652123,3429.036579320226,4960.638003689555,3870.5914203829216,3247.9227517174613
appartement,11,695000,75018,CHATEAU ROUGE,MARCADET - POISSONNIERS,MARX-DORMOY,4,3,79,48.888447,2.35395,/annonces/appartement-paris-18e-75018-r429500407,48.8875536061,2.3494837515299998,48.883767742875,2.349447653865,48.891431467083336,2.35050231894,341.7054129920366,616.3956731718926,417.1997318001583,3956.5274301817526,820.971667886121,3254.911551077125,5499.046315271262,3102.7084587886566,3755.1196043195187,2619.7757923474583,4762.609034927688,4673.684389903305,4611.536021162713,3935.3556083399685,4253.231114311333
appartement,6,420000,75018,CHATEAU ROUGE,BARBES - ROCHECHOUART,MARCADET - POISSONNIERS,2,1,40,48.886979,2.349004,/annonces/appartement-paris-18e-75018-r430401039,48.8875536061,2.3494837515299998,48.891431467083336,2.35050231894,48.8903740812,2.35979700867,72.97036045297277,507.634259360433,875.7470853928156,3783.2279800793176,438.78386885853763,2985.7599297606475,5113.403760030058,2948.3783343370883,3430.69303266485,3014.964626517679,4452.737461371551,4517.776693204127,4215.178538388546,3552.7225042055557,4021.88559266826
appartement,12,1060000,75001,CHATELET-LES HALLES,LOUVRE - RIVOLI,ETIENNE MARCEL,3,2,86,48.863457,2.343211,/annonces/appartement-paris-1er-75001-r430400833,48.8614637106,2.3468441316,48.86095356302,2.34065726838,48.8637103665,2.34898319613,346.45042800688685,335.6184646769126,423.64925983354124,1265.8147238390732,2599.216019044435,458.4744352885074,3614.064296154074,749.6299226864015,1279.9053192370811,4864.593791946027,2044.1901462749024,2015.9303477793953,3709.936527750747,2289.138091366879,1369.3255714531963
appartement,8,430000,75013,CHEVALERET,NATIONALE,CAMPO-FORMIO,2,1,48,48.833027,2.366262,/annonces/appartement-paris-13e-75013-r430300872,48.8349649707,2.36809134588,48.830128327375,2.364021266715,48.8355512167,2.35875209519,253.9870039261644,362.0533773606886,617.8784271531173,2522.4674855962376,6224.011419054566,3751.935837435749,5960.584783456634,3230.459372619293,4172.564895252321,7161.267524619467,3743.598891296484,1794.2909295711881,6913.528702308456,5410.602210474357,1116.8973532054717
appartement,11,945000,75013,CITE UNIVERSITAIRE,STADE CHARLETY - PORTE DE GENTILLY,POTERNE DES PEUPLIERS,4,3,95,48.824417,2.343009,/annonces/appartement-paris-13e-75013-r430400382,48.8207527393,2.3393847611125,48.81961423594,2.344675064892,48.82040211056667,2.351697790248333,486.7682920080265,548.4088339217507,778.0050257816474,3222.8102812927086,6945.08946253311,4105.052272809618,5179.253285294296,4086.231581721153,4131.114717404479,8596.76092817956,3289.38410227188,2556.5835466629374,6522.53233553214,5165.341981508631,2512.80613316852
appartement,10,598000,75010,COLONEL FABIEN,BOLIVAR,BELLEVILLE,2,1,54,48.876077,2.371129,/annonces/appartement-paris-10e-75010-r430100239,48.87814588443333,2.3707195518866664,48.8807901228,2.37415512666,48.872296038275,2.377538107905,232.2498324009768,569.5192534187595,630.3570558314741,2998.908535066582,2379.5238678370774,2938.891860026375,5951.557115632146,2199.4165977781345,3725.033738043954,2513.503262468546,4511.212044409491,3560.0887788493155,5576.959248552354,4452.15558614799,3551.3127808599793
appartement,10,332000,75010,COLONEL FABIEN,BOLIVAR,LOUIS BLANC,2,1,38,48.876847,2.371443,/annonces/appartement-paris-10e-75010-r430401296,48.87814588443333,2.3707195518866664,48.8807901228,2.37415512666,48.88133712038,2.365472651448,153.98659876950452,481.76511613023973,663.9888452442648,3084.2897901517786,2357.925851279362,3006.86603739884,6002.2059549893465,2281.1423433228993,3787.0784716682656,2427.631394386668,4582.85870391294,3648.1496378314214,5604.451405704112,4496.31348556552,3632.714266389604
appartement,3,915000,75015,CONVENTION,VAUGIRARD (ADOLPHE CHERIOUX),GEORGES BRASSENS,4,3,84,48.836266,2.299659,/annonces/appartement-paris-15e-75015-r430400264,48.8371369496,2.29639609016,48.8394392812,2.30107804247,48.82995561765,2.2957108764300003,257.9886552159627,368.2315942219896,759.710073304503,4131.73065563074,6460.2230156099895,3946.061890191236,2477.3894824908857,4722.458156598076,3289.7105403041182,9256.14294630875,2353.5313002041175,4052.1504964118853,4189.637797831488,3452.8383957283486,3075.1818616204914
appartement,10,998000,75017,COURCELLES,WAGRAM,PEREIRE - MARECHAL JUIN,4,2,98,48.881442,2.3015,/annonces/appartement-paris-17e-75017-r430401249,48.87918763474,2.303173241722,48.883712476,2.30555775751,48.884103255325,2.297513988535,279.2544490510356,390.02217282185615,415.8198401594099,4757.898603405519,3097.102107449173,3501.051561610304,2631.009299597533,4395.2205955896625,3018.9689418513144,6527.01979676476,3750.091844902198,5407.568461712475,975.4651392511232,1873.4801570445038,2318.491741559295
appartement,7,790000,75019,CRIMEE,RIQUET,ROSA PARKS,5,3,101,48.891995,2.372586,/annonces/appartement-paris-19e-r429200405,48.89045649096667,2.3769105265733335,48.894681542,2.38230219397,48.888694812924996,2.37266158268,359.88350344045887,771.4410198301355,367.41679490929613,4645.238678311041,2240.163576477955,4265.38391772087,6840.19417417481,3793.2348917069257,4908.621887370741,1201.496587367085,5848.591510000026,5271.854836483412,6028.155740424941,5272.468956332172,5103.933053719066
appartement,14,560000,75019,CRIMEE,CORENTIN-CARIOU,RIQUET,3,2,62,48.89208,2.378527,/annonces/appartement-paris-19e-r427900460,48.89045649096667,2.3769105265733335,48.888694812924996,2.37266158268,48.89658372656667,2.373811965813333,216.01023913068562,571.2355160750351,608.6328597223899,4825.806703106455,2664.7329817055825,4544.088216844793,7212.636421456106,3990.610496502451,5223.158005051604,803.319103012369,6135.5919212679355,5416.76978647686,6442.357795543776,5646.826915889734,5324.670255996434
chambre,8,105000,75012,DAUMESNIL (FELIX EBOUE),DUGOMMIER,BEL-AIR,1,0,8,48.839945,2.39449,/annonces/appartement-paris-12e-75012-r430401167,48.8396821402,2.39558417035,48.838915409833334,2.38862580772,48.8414320066,2.40086919338,85.33972218860482,444.67795837609367,495.82271674181703,3568.5326160176037,6435.99558457421,4761.989068782197,7603.114675832164,3841.2119636605867,5448.614034799479,6230.669036512243,5381.281215939906,3143.0302153197194,8200.236531353648,6695.3526537238295,1462.8748322526064
appartement,10,540000,75015,DESNOUETTES,PORTE DE VERSAILLES - PARC DES EXPOSITIONS,LOURMEL,3,2,54,48.834201,2.28566,/annonces/appartement-paris-15e-75015-r430200093,48.83447473623333,2.284036404856667,48.832738893300004,2.2881291459,48.838668129,2.28224848838,122.80907996426771,243.36498727386783,556.569454654437,5157.290636872264,7206.6793316415315,4869.742346175733,2755.423630808366,5708.512052020287,4145.197836612079,10153.140616151391,3299.466511912565,5101.632929701224,4459.030057670361,4055.124971330324,3178.429625224719
studio,0,245000,75001,ETIENNE MARCEL,CHATELET-LES HALLES,SENTIER,1,0,15,48.863858,2.345696,/annonces/appartement-paris-1er-75001-r430401011,48.8637103665,2.34898319613,48.8614637106,2.3468441316,48.8673773839,2.3470768150000003,241.28725679781778,279.4790038808536,404.6144321873568,1249.1349663238568,2562.065976701956,637.513888560217,3800.8689112053353,615.3159276573206,1466.8552882102535,4710.1945991352995,2209.068083504267,2003.3922708053672,3870.3733214350655,2464.5977580507124,1451.55063600444
appartement,10,870000,75016,EXELMANS,MICHEL-ANGE - MOLITOR,PORTE D'AUTEUIL,3,2,71,48.844192,2.258627,/annonces/appartement-paris-16e-75016-r430300166,48.843172220499994,2.26031421178,48.8455146641,2.26218310125,48.8455146641,2.26218310125,167.8266376558931,299.2467738611345,299.2467738611345,6764.86327992525,7790.483593406653,6114.541918494614,3058.9240997179713,7112.4504714725545,5276.545621675649,11074.6671359979,4768.076392941326,6899.988162522291,4237.792503996329,4625.078600376711,2959.303029058624
appartement,14,860000,75016,EXELMANS,PORTE DE SAINT-CLOUD,MICHEL-ANGE - MOLITOR,4,2,81,48.840642,2.257001,/annonces/appartement-paris-16e-75016-r430100678,48.843172220499994,2.26031421178,48.83796851263333,2.2559355586333334,48.84739637835,2.2580655640766665,371.82760245392086,307.6786771725582,755.9279460637953,6950.287814170698,8129.313673910647,6359.058924769574,3375.1448129324003,7337.651825315415,5530.23143694912,11384.938548673492,4961.246340611898,7044.6315492445065,4622.562063621852,4942.756325651071,3326.2805780393933
maison,12,1500000,75011,FAIDHERBE,FAIDHERBE - CHALIGNY,CHARONNE,5,3,119,48.852708,2.38112,/annonces/maison-paris-11e-r428000553,48.85398702405,2.38230770888,48.84979319685,2.3853103080025,48.85442011246666,2.38563578687,166.85462587432247,446.64964176395864,381.74782847561903,2279.6995036756775,4710.900869365538,3293.0063612102035,6374.4808179035,2274.23035872777,4074.2826598935417,4817.836294794205,4267.748879715176,2191.119826838867,6726.297421642539,5263.437263214504,2494.485990132272
studio,5,260000,75011,FAIDHERBE,FAIDHERBE - CHALIGNY,CHARONNE,1,0,20,48.852001,2.381712,/annonces/appartement-paris-11e-75011-r429901196,48.85398702405,2.38230770888,48.84979319685,2.3853103080025,48.85442011246666,2.38563578687,225.34798859836638,360.38452953940373,393.85504927983067,2325.507344890034,4800.01460024544,3357.630381376154,6425.740296717569,2345.2819048767824,4132.894065778279,4891.864099201726,4308.02208128857,2209.0907230947414,6794.670097371437,5327.803722606153,2416.423570632711
appartement,15,790000,75015,FALGUIERE,PASTEUR,DUROC,3,2,67,48.84367,2.315294,/annonces/appartement-paris-15e-r428800399,48.840390623800005,2.31395824288,48.8420128041,2.31329004384,48.84717523436667,2.3164741821466666,377.94804133782327,235.76832345108008,399.6646179619768,2746.329176304495,5213.327981925897,2560.884471278404,2226.698607463334,3311.4024090210687,1988.7637564831236,7870.022139977078,974.8753822593688,2761.637780683245,3665.396249239488,2513.803814509028,2023.1512857906273
appartement,9,1120000,75008,FRANKLIN-ROOSEVELT,CHAMPS-ELYSEES - CLEMENCEAU,SAINT-PHILIPPE DU ROULE,4,2,90,48.868153,2.310164,/annonces/appartement-paris-8e-75008-r430401248,48.8690104279,2.3102531809,48.8678427062,2.31320999172,48.8724706658,2.31076910123,95.67156433937204,225.7031342540012,482.67820213713026,3369.9937088066913,3177.4227575746304,2184.4262885028397,1590.2199151521481,3210.7115949329004,1511.9798759140194,6471.947329698147,2141.500579805823,3943.932351815716,1272.4100361165354,268.12369745479646,1759.9117522865765
appartement,9,895300,75020,GAMBETTA,PELLEPORT,PORTE DE BAGNOLET,4,3,87,48.864767,2.398592,/annonces/appartement-paris-20e-75020-r430300423,48.86496912145,2.398572061815,48.865858574233336,2.4033148436,48.865858574233336,2.4033148436,22.547380779145318,366.576875519351,366.576875519351,3792.234955882012,4751.386103120924,4453.564900952377,7657.578317657725,3409.182341269036,5301.061956077074,3535.682223720529,5754.487312241711,3927.125655207233,7648.737899792205,6326.63907183566,4049.126556046837
appartement,11,860000,75020,GAMBETTA,PORTE DE BAGNOLET,PELLEPORT,3,2,71,48.862092,2.401438,/annonces/appartement-paris-20e-75020-r429700047,48.86496912145,2.398572061815,48.864158410819996,2.4091139219,48.864158410819996,2.4091139219,382.92047274814985,607.3735559427664,607.3735559427664,3900.9471437193997,5085.818032797536,4645.0345032296555,7843.487186976261,3589.7559363207492,5487.41639184547,3874.4335472643625,5885.175522713586,3967.6043916984086,7899.138208520334,6549.0052500432275,3844.7504365272407
appartement,6,385000,75011,GONCOURT (HOPITAL SAINT-LOUIS),REPUBLIQUE,OBERKAMPF,2,1,35,48.868593,2.369168,/annonces/appartement-paris-11e-75011-r430400540,48.8700153552,2.37076879902,48.86745208116,2.363980182496,48.8649742906,2.36763241156,197.00228423483665,400.5493817271972,418.2327835007265,2232.407038490765,2788.63529112279,2426.3659519324788,5587.836881481021,1512.5491191373633,3264.657189090452,3322.0568202983163,3920.8832180331606,2740.6065878919867,5458.535548045458,4178.656000598137,2841.538233439339
appartement,12,675000,75018,GUY MOQUET,PORTE DE SAINT-OUEN,LA FOURCHE,3,2,62,48.892584,2.329975,/annonces/appartement-paris-18e-75018-r430401244,48.8928778504,2.327602175978,48.897749908499996,2.32927718792,48.8908648355,2.32049088455,176.71924166107107,577.3295320863357,720.0479828328276,4643.999123273737,1150.9780322832676,3548.83102358492,4620.129157675701,3923.856772284773,3644.8447304806655,4259.561006614794,4675.013092826908,5397.4764526611825,3305.033450751106,3215.6768673869324,4547.123958766718
studio,10,189000,75017,GUY MOQUET,PORTE DE SAINT-OUEN,BROCHANT,1,0,14,48.894203,2.327773,/annonces/appartement-paris-17e-r430400346,48.8928778504,2.327602175978,48.897749908499996,2.32927718792,48.88781247984,2.32544712131,148.04383213340864,409.8987754282413,731.474553653901,4866.849473552767,1386.610723722656,3755.549880180194,4684.404525355331,4155.699290362727,3817.59446407983,4409.397838711521,4839.689527202507,5619.541283038706,3303.264058194028,3322.6823580665423,4575.169817732233
appartement,7,995000,75010,JACQUES BONSERGENT,REPUBLIQUE,TEMPLE,3,1,83,48.869889,2.362645,/annonces/appartement-paris-10e-75010-r430401272,48.87101534735,2.36074226324,48.8764170529,2.35898704646,48.8723957312,2.3560697711799996,187.43501863009283,774.4830611874302,556.4678040547851,2095.7730971163824,2368.876788508023,2048.586593208401,5155.5749971239875,1275.0929951656576,2864.6236533316555,3424.527332723906,3599.498688565918,2705.846544257363,4969.141737476745,3715.4210349878836,2625.800065200361
appartement,6,437500,75010,JACQUES BONSERGENT,GARE DE L'EST (VERDUN),CHATEAU LANDON,2,1,35,48.873759,2.363033,/annonces/appartement-paris-10e-75010-r430401093,48.87101534735,2.36074226324,48.8764170529,2.35898704646,48.8723957312,2.3560697711799996,348.4458500077267,418.690836755702,531.9413627608108,2500.2241893314726,2063.2237803856033,2307.323855487057,5306.916946911527,1657.1891052151589,3081.9409102749896,3054.1087746925964,3890.256258655335,3129.7553686461292,4978.453889703092,3815.3668620738904,2994.096044417669
studio,4,175000,75010,JACQUES BONSERGENT,GARE DE L'EST (VERDUN),CHATEAU D'EAU,1,0,14,48.873108,2.362478,/annonces/appartement-paris-10e-r430401288,48.87101534735,2.36074226324,48.8764170529,2.35898704646,48.88017748285,2.3627063736333334,265.3657039980081,448.35038045042404,787.1488252901595,2417.7504073582923,2086.921463676982,2231.2275485949167,5245.245201238201,1574.1333205819647,3010.827269846357,3136.514926859548,3812.1682732841855,3049.7156184496685,4938.415139743177,3760.2037596918904,2911.1917344283834
studio,5,175000,75010,JACQUES BONSERGENT,GARE DE L'EST (VERDUN),CHATEAU D'EAU,1,0,14,48.873108,2.362478,/annonces/appartement-paris-10e-75010-r430401283,48.87101534735,2.36074226324,48.86745208116,2.363980182496,48.8667641678,2.36157132703,265.3657039980081,639.1496481494835,709.3059172730532,2417.7504073582923,2086.921463676982,2231.2275485949167,5245.245201238201,1574.1333205819647,3010.827269846357,3136.514926859548,3812.1682732841855,3049.7156184496685,4938.415139743177,3760.2037596918904,2911.1917344283834
chambre,12,95000,75016,JASMIN,RANELAGH,MICHEL-ANGE - AUTEUIL,1,1,7,48.851574,2.267744,/annonces/appartement-paris-75016-r187211182,48.8521868703,2.26793425931,48.856451088166665,2.269976101236667,48.8482932033,2.26443965006,69.63326219494458,566.9977491714262,438.1454324316419,6027.219804867556,6764.63153152123,5256.910557591144,2096.2558199904756,6286.564124899048,4408.516544288632,10083.605691091427,4042.865392731024,6252.836012073031,3178.8646346813025,3639.889768072146,1911.5737108088406
appartement,11,1170000,75014,JEAN MOULIN,PORTE D'ORLEANS (GENERAL LECLERC),ALESIA,5,3,107,48.825133,2.322426,/annonces/appartement-paris-14e-75014-r429701317,48.8245373487,2.3185250028724997,48.8228170602,2.32507262515,48.8280660197,2.32682742005,293.4874063865303,322.63033374632437,458.96678181168585,3702.0043075854123,7029.057122316382,4168.849084300845,4217.276153724272,4519.626132563013,3884.1943795808916,9211.167198257854,2862.413931862502,3252.4779591480383,5774.969968176761,4628.007616183388,2904.4484186855466
appartement,9,528000,75019,JOURDAIN,PYRENEES,BOTZARIS,3,2,46,48.876677,2.386124,/annonces/appartement-paris-19e-75019-r430400523,48.87440718788,2.389086064464,48.8738809745,2.3851680038366667,48.8794332474,2.3896152440033336,332.9792519293617,319.0249671796341,399.3378416351038,3734.291718319788,3351.1699154397093,3923.2341140487283,7015.590221591188,3045.8921503533634,4742.291045718253,2127.7205119275914,5448.772188064123,4157.053849294743,6676.711888627095,5536.242114374901,4367.457325094128
studio,6,295000,75005,JUSSIEU,CARDINAL LEMOINE,PLACE MONGE (JARDIN DES PLANTES),1,0,23,48.84693,2.353797,/annonces/appartement-paris-5e-75005-r430400322,48.8461392273,2.354585033306667,48.846553052999994,2.3515734426900003,48.8431646928,2.35211036242,105.2693077906559,168.20826371678694,436.98503759967923,730.7143975784901,4508.618604248433,1959.3192698165344,4522.876968243167,1523.9074212338892,2462.481957396638,5983.337402852564,2303.0436532681365,92.22258072518301,5239.477061386938,3722.2268494842915,710.4016061526651
appartement,3,390000,75017,LA FOURCHE,BROCHANT,GUY MOQUET,2,1,35,48.888559,2.323827,/annonces/appartement-paris-17e-75017-r430400168,48.88781247984,2.32544712131,48.8908648355,2.32049088455,48.883484736039996,2.33280405126,144.80575543510238,354.2768983322225,866.5267657481197,4397.919064344385,1418.015210289809,3223.7223693634933,3998.383774965251,3753.9108668734657,3194.6907023047775,4762.869076371,4198.888974066504,5141.777269915605,2673.7484684916053,2634.062022571192,3912.5920021245424
chambre,10,95000,75017,LA FOURCHE,PLACE DE CLICHY,BLANCHE,1,1,8,48.88566,2.326035,/annonces/appartement-paris-17e-r420901371,48.88781247984,2.32544712131,48.883118616349996,2.3272234572712502,48.8928778504,2.327602175978,243.4462755669655,295.9797292374158,811.6342086743133,4037.0295633046057,1249.4655428959682,2866.5393474018456,3825.5737375476238,3396.289445049951,2865.8781490317083,4670.726138044143,3882.3375676148416,4781.157187031498,2626.579727707585,2394.583210062746,3800.0914105696115
chambre,4,91000,75007,LA MOTTE-PICQUET-GRENELLE,ECOLE MILITAIRE,DUPLEIX,1,1,8,48.853015,2.299384,/annonces/appartement-paris-7e-75007-r429901233,48.8490189283,2.29776216071,48.85438233436667,2.3057527361583334,48.85119801046667,2.2924582859333333,460.4310322342704,490.69191116231383,546.1364490520931,3707.4934567853843,4935.200633513644,2971.5757541863836,684.7941733217127,3978.859421431661,2135.1729810320453,8044.020563177846,1741.238949013883,3976.49518879113,2333.2655373674397,1739.4883887516266,1383.568853124777
studio,12,240000,75018,LAMARCK - CAULAINCOURT,ABBESSES,PIGALLE,1,0,18,48.887897,2.33776,/annonces/appartement-paris-18e-75018-r430400338,48.889603289,2.3396851462566666,48.884540514166666,2.3383539603966668,48.882352877225,2.337319409845,236.5046302420309,376.16330541775585,618.0110304480935,3986.760613565402,403.3966887825838,2977.8274864125992,4573.548237763675,3224.8734846393572,3220.336153930445,3777.9293819346713,4265.309044513985,4740.467320053287,3500.2538975539446,3057.774792376357,4078.4053094695705
appartement,10,1640000,75011,LEDRU-ROLLIN,FAIDHERBE,BASTILLE,5,2,133,48.853111,2.376574,/annonces/appartement-paris-11e-75011-r430300830,48.8511941654,2.37593173701,48.85398702405,2.38230770888,48.852733021999995,2.369184626285,218.50560369181284,431.1483495078992,542.8867518107187,1946.5151954419023,4484.113241639797,2961.5337038875396,6038.722042010237,1951.6882265031322,3739.0566815250827,4819.603278139603,3937.7888069540554,1895.2851369337448,6399.042911541782,4931.747187997446,2474.8113274967814
appartement,6,595000,75012,LEDRU-ROLLIN,FAIDHERBE - CHALIGNY,FAIDHERBE,3,2,48,48.850536,2.378352,/annonces/appartement-paris-12e-75012-r430400369,48.8511941654,2.37593173701,48.84979319685,2.3853103080025,48.852733021999995,2.369184626285,191.82861001709537,516.3708965362822,714.6568345371605,2094.798600690137,4795.510279045242,3180.945236706649,6201.737982897551,2201.25690017015,3932.9947968677047,5082.485177677158,4060.182993677046,1929.2957951891042,6627.4250132541265,5146.136332963241,2260.565855042624
appartement,5,575000,75012,LEDRU-ROLLIN,GARE DE LYON,BASTILLE,2,1,59,48.848862,2.372856,/annonces/appartement-paris-12e-75012-r429600033,48.8511941654,2.37593173701,48.84365137406667,2.3736453075816666,48.85398702405,2.38230770888,343.74666893737077,582.9191649311316,897.1153163001578,1736.427149364013,4755.617312738659,2894.4469702660795,5833.954043389576,1983.334856416849,3605.8385131697655,5335.86037406722,3664.1637920749313,1496.7465829349069,6338.239038210281,4840.385467305258,2116.9413308062512
appartement,11,425000,75013,LES GOBELINS,CENSIER - DAUBENTON,GLACIERE,2,1,38,48.836335,2.348551,/annonces/appartement-paris-13e-r428200163,48.836680852142855,2.351791474597143,48.84099423,2.351885076835,48.831247952,2.34312207582,240.53587475516116,573.3109186783411,692.0494418742127,1858.1739382274232,5632.991254185181,2867.6465966819824,4651.406327611767,2715.505944861317,3079.2241135866784,7216.872578159129,2476.5434717227154,1169.4135122520618,5721.67386128159,4255.01048343471,1228.8895130446035
appartement,6,650000,75008,LIEGE,EUROPE,PLACE DE CLICHY,2,1,47,48.880307,2.327085,/annonces/appartement-paris-8e-75008-r429500320,48.880124392233334,2.3275981936633334,48.87879975848,2.322571374758,48.883118616349996,2.3272234572712502,42.71652726487759,370.59415091369453,313.1517772166411,3472.189843614,1372.3179382771539,2278.382807300765,3422.946101468675,2876.2348466058374,2270.002090883056,4777.116328957854,3293.875413356678,4209.596673089835,2456.2484209144636,1914.0939599398494,3372.19938260197
appartement,10,1550000,75008,MADELEINE,SAINT-AUGUSTIN,MIROMESNIL,3,1,88,48.871158,2.321501,/annonces/appartement-paris-8e-r429100353,48.8695664081,2.324372295258,48.874602347214285,2.320007593782857,48.8734603255,2.31604128892,274.94147550116685,398.7097444177254,474.8590437317746,2905.4780518077014,2348.4070719926144,1645.141529730405,2443.6446695486916,2554.9807392827984,1305.4087760034188,5583.456599721168,2263.704813989781,3576.4228902819505,1959.497895954728,878.0350575630046,2606.576561254272
appartement,8,705000,75020,MARAICHERS,PORTE DE MONTREUIL,BUZENVAL,5,3,85,48.85351,2.405594,/annonces/appartement-paris-20e-75020-r429700209,48.8526294218,2.405935599324,48.853336999925,2.41075945122875,48.852041554799996,2.4012499154299998,101.16849752062403,378.84281817276684,357.727730601123,4072.494498513274,5893.565784462008,5021.131995408663,8154.11408628847,3969.6355804180303,5830.738545822803,4876.046066474921,6062.623413809023,3949.4560886562845,8404.813390084893,6981.771913958333,3152.903133561194
appartement,5,320000,75020,MARAICHERS,PORTE DE MONTREUIL,MARIE DE MIRIBEL,2,1,30,48.854891,2.406257,/annonces/appartement-paris-20e-75020-r430400666,48.8526294218,2.405935599324,48.853336999925,2.41075945122875,48.858822267700006,2.409648628205,252.85599703673168,372.4035273127243,503.2138627872515,4125.978168485001,5836.506068777579,5045.420587748177,8193.985639152694,3989.8656916627015,5862.189337978701,4741.433799161364,6120.4366620610535,4029.97750733415,8411.747505030988,7000.0636530642605,3307.059620869556
studio,12,225000,75020,MARIE DE MIRIBEL,PORTE DE MONTREUIL,MARAICHERS,1,0,25,48.856929,2.408963,/annonces/appartement-paris-20e-75020-r430401269,48.858822267700006,2.409648628205,48.853336999925,2.41075945122875,48.8526294218,2.405935599324,216.65727455563984,420.9524715478865,527.4969004404887,4340.811544872662,5863.238898124267,5216.382810513414,8384.729904684149,4157.221879636842,6042.654057968495,4586.750723523528,6338.212514118476,4279.010073268258,8550.983843284283,7158.904826812502,3606.2506726748884
appartement,6,513000,75005,MAUBERT - MUTUALITE,CLUNY-LA SORBONNE,CARDINAL LEMOINE,2,1,29,48.848916,2.347537,/annonces/appartement-paris-5e-75005-r430000699,48.84967872805,2.349054919735,48.8507957557,2.34503088837,48.846553052999994,2.3515734426900003,139.9027280818823,278.3663649532593,395.75733867759027,489.11883067458376,4230.849207634768,1529.3866069592661,4021.6945465736208,1349.1154449873661,1963.5580536435002,5995.839204244505,1815.5778675237138,469.012184616279,4737.424364417637,3221.0240073881273,322.83287585859557
appartement,13,1680000,75016,MICHEL-ANGE - AUTEUIL,EGLISE D'AUTEUIL,CHARDON-LAGACHE,4,3,105,48.847766,2.264925,/annonces/appartement-paris-16e-r425701318,48.8482932033,2.26443965006,48.84773910226,2.269740475772,48.8451041396,2.26693605903,68.61764754979824,352.7710701234587,330.920199262316,6259.031451260796,7182.306784400687,5557.773163746296,2461.1486846422317,6569.635230264408,4714.4448276267885,10474.295366437993,4262.500564854632,6435.331396510791,3639.8904232621953,4024.1613341617713,2351.4537778751705
appartement,11,540000,75016,MICHEL-ANGE - AUTEUIL,JASMIN,EGLISE D'AUTEUIL,2,1,48,48.849969,2.266292,/annonces/appartement-paris-16e-75016-r429800426,48.8482932033,2.26443965006,48.8521868703,2.26793425931,48.84773910226,2.269740475772,230.67804133072713,274.63952783179144,354.16381879156944,6140.860592879852,6955.425931653288,5399.531966237834,2262.841309913255,6422.156233336211,4552.737736583254,10264.206083100655,4149.619498780049,6345.399738578582,3384.806204514202,3816.4766688361524,2109.5458538315784
appartement,0,1200000,75016,MIRABEAU,EGLISE D'AUTEUIL,JAVEL,4,3,96,48.845004,2.272372,/annonces/appartement-paris-16e-75016-r430400898,48.8470848589,2.27307491492,48.84773910226,2.269740475772,48.84773910226,2.269740475772,237.29471370157762,360.3684969967712,360.3684969967712,5755.751074199706,6958.071575707173,5133.90109058721,2191.939562704665,6118.527596768154,4303.941237898152,10176.734934017713,3759.928215401642,5890.599568178659,3607.7880148297827,3750.5536628545715,2265.901906832655
appartement,8,1180000,75016,MIRABEAU,EGLISE D'AUTEUIL,JASMIN,4,2,91,48.849819,2.272133,/annonces/appartement-paris-16e-75016-r430400289,48.8470848589,2.27307491492,48.84773910226,2.269740475772,48.8521868703,2.26793425931,312.08626509506956,290.3860525758105,405.0586647302647,5714.722831625053,6625.135672972354,4988.408495041141,1888.5879994786765,6005.490071251925,4143.5809082294945,9903.882421303115,3722.3706729912506,5917.319020945074,3150.824929940871,3454.100174376838,1829.230904256114
appartement,12,920000,75016,MIRABEAU,JAVEL,EGLISE D'AUTEUIL,3,2,73,48.845164,2.272605,/annonces/appartement-paris-16e-75016-r429901544,48.8470848589,2.27307491492,48.8459458249,2.277655142075,48.8459458249,2.277655142075,216.58237036227817,380.0642234269528,380.0642234269528,5736.144496634851,6933.468882772043,5111.683638137079,2167.3273469503574,6097.113645412369,4281.330262656276,10152.647252014149,3740.059772712214,5873.059740362795,3584.1282599801507,3726.085318667971,2242.0064587507154
appartement,6,790000,75008,MIROMESNIL,SAINT-AUGUSTIN,GARE SAINT-LAZARE,3,2,72,48.875519,2.317105,/annonces/appartement-paris-8e-75008-r430401034,48.8734603255,2.31604128892,48.874602347214285,2.320007593782857,48.87554491366875,2.3246778749887502,242.0424852460594,235.74266741778263,554.4517176240751,3476.6397886232116,2275.187576005606,2215.117413765966,2536.0206962737702,3077.1671435475055,1870.244429714047,5655.577715084581,2779.6404713283914,4155.910981463451,1627.2789846556045,1101.32177376734,2588.1597593143124
appartement,12,610000,75008,MIROMESNIL,SAINT-AUGUSTIN,SAINT-PHILIPPE DU ROULE,3,1,50,48.874415,2.315934,/annonces/appartement-paris-8e-r428000363,48.8734603255,2.31604128892,48.874602347214285,2.320007593782857,48.8724706658,2.31076910123,106.56380246305925,298.9804814094017,435.7214619087958,3450.595861497469,2415.170036682605,2190.608310606401,2387.0047445208297,3086.6320562144506,1792.326420640356,5783.734072494577,2673.356396727523,4116.68966778987,1531.6292238826668,958.1362090413753,2449.5830882161017
appartement,2,1620000,75017,MONCEAU,MALESHERBES,VILLIERS,4,2,140,48.88112,2.310154,/annonces/appartement-paris-17e-r426101306,48.880441965433334,2.308925469916667,48.8825364729,2.31100924301,48.88153763275,2.31601753796,117.41218447216337,169.6558593802681,431.75652665080173,4279.293428629305,2487.39422854758,3018.065197036427,2791.0052943069613,3850.237942964638,2649.0862428912587,5924.534019084853,3497.6207425744956,4960.711164000974,1375.7307662060753,1672.0712032376819,2631.01093260134
appartement,8,530000,75009,NOTRE-DAME DE LORETTE,LE PELETIER,CADET,2,1,46,48.87633,2.339964,/annonces/appartement-paris-9e-r428700891,48.8760505542,2.33790869204,48.87469794555,2.339461911955,48.87592637704,2.34329881272,153.6581457979285,185.3611002982845,248.25358325037186,2699.070397388628,1187.3609690591488,1696.067132255156,3889.735137271116,1977.0098398123291,2073.1551056348208,4126.216318038958,3099.3113923406977,3453.374094493427,3301.5587738017775,2325.340822197697,2786.4777631785532
appartement,13,1900000,75016,OCTAVE FEUILLET,RUE DE LA POMPE (AVENUE GEORGES MANDEL),LA MUETTE,3,2,150,48.865091,2.270395,/annonces/appartement-paris-16e-r427300474,48.8630940543,2.269567919535,48.8642533844,2.27791676203,48.8580950497,2.27409644811,230.40254657089756,558.6578726211179,824.6143272180099,5983.509420876337,5840.526968087858,4972.340479804731,1922.0683215663091,6031.748533094679,4154.933068882395,9259.791716022435,4161.395435399344,6378.194771643442,2047.2414702751666,3065.3385702580244,711.538767156927
appartement,8,950000,75013,OLYMPIADES,BIBLIOTHEQUE FRANCOIS MITTERRAND,CHEVALERET,4,3,89,48.82917,2.369248,/annonces/appartement-paris-13e-75013-r429901479,48.827035169,2.3670112583266665,48.83007476916,2.377293642812,48.8349649707,2.36809134588,288.6962695605868,598.1388583704174,650.6374084724463,3004.2835158416956,6697.4804449335325,4231.142692181831,6362.012242947208,3707.430322105999,4635.245012132852,7537.681030692821,4164.130754542343,2273.766722572882,7362.675458323278,5865.767218721353,865.2669187083836
appartement,12,670000,75013,OLYMPIADES,PORTE D'IVRY,MARYSE BASTIE,2,1,67,48.826003,2.369219,/annonces/appartement-paris-13e-r427401017,48.827035169,2.3670112583266665,48.8213541419,2.3701248830866666,48.82262408326667,2.35831118161,198.44495428906092,521.7499665909507,883.4961706033761,3318.823691194398,7035.375533101903,4530.718415375052,6546.865069590475,4041.1063553849513,4900.05755261026,7884.98287532578,4376.28071500218,2578.2089893960674,7603.517287027645,6117.054982698906,982.5284399271607
appartement,14,530000,75013,OLYMPIADES,TOLBIAC,MAISON BLANCHE,3,2,73,48.825964,2.364464,/annonces/appartement-paris-13e-75013-r429601072,48.827035169,2.3670112583266665,48.8261594539,2.35701946619,48.8243748794,2.37706873852,221.51226687227134,546.0202500574326,940.5636255722513,3190.758297670219,6952.681698224622,4369.288497438587,6260.985154142374,3953.5618870822136,4689.18206628057,7957.286207619965,4115.0748399953345,2438.748112377173,7361.764158285328,5888.0931306167295,1299.6484820309606
appartement,6,490000,75019,OURCQ,LAUMIERE,PORTE DE PANTIN - PARC DE LA VILLETTE,3,2,53,48.885173,2.383916,/annonces/appartement-paris-19e-75019-r430400344,48.88710051566667,2.3869200815333333,48.884619840566664,2.379690602,48.888820569299995,2.39572124193,307.2367531954436,315.3724678150555,954.7621140725254,4358.279397242227,2999.410415303545,4294.377829479387,7200.014159598168,3575.949234096702,5052.327252201592,1214.5427750862398,5877.849103540242,4875.54514307848,6629.17250106619,5659.552402017869,4927.890042972441
appartement,10,555000,75015,PASTEUR,VOLONTAIRES,SEVRES - LECOURBE,3,2,47,48.840571,2.312921,/annonces/appartement-paris-15e-75015-r430400693,48.8420128041,2.31329004384,48.840390623800005,2.31395824288,48.84484774345,2.3103746950049997,162.7623528205827,78.60236554381086,511.3289155113839,3048.3597604071815,5598.830614437328,2937.4829721641145,2387.171704932266,3655.3499830914143,2374.8395823229966,8242.450290722323,1358.3251876549527,2990.9045680824847,3921.902612312404,2849.1579173922287,2338.1723185876963
chambre,10,119000,75015,PASTEUR,FALGUIERE,VOLONTAIRES,1,0,8,48.840493,2.314787,/annonces/appartement-paris-15e-r429501039,48.8420128041,2.31329004384,48.8414184427,2.30799364939,48.8414184427,2.30799364939,201.622280629135,508.26539362855635,508.26539362855635,2931.327863597474,5554.522596580896,2860.8730390840988,2473.9563754965498,3553.4503383062647,2328.6143379339073,8158.525651327954,1297.4177287568577,2859.7020660075323,3977.725367022641,2863.5473107105086,2226.430980467619
appartement,11,608000,75019,PELLEPORT - BELLEVILLE,HOPITAL ROBERT DEBRE,PORTE DES LILAS,3,2,57,48.875713,2.400213,/annonces/appartement-paris-19e-75019-r430400561,48.875504504,2.39860836554,48.879370763766666,2.4010338420466666,48.876938470249996,2.407865150355,119.7530137851031,411.59118265541935,576.6093014358788,4462.529128678147,4365.508239705671,4833.586078860019,7981.191286537128,3879.848751238314,5671.092628267761,2403.8313560666325,6300.702970795064,4762.303466002491,7703.522059607528,6529.886389419491,5136.622876052952
studio,2,140000,75013,PLACE D'ITALIE,CORVISART,LES GOBELINS,1,0,13,48.831744,2.352437,/annonces/appartement-paris-13e-75013-r430400297,48.83127744157143,2.355938173597143,48.8298632521,2.35062272793,48.836680852142855,2.351791474597143,261.7662954462391,248.00982794943354,551.5996823639157,2372.933470089646,6168.169598628022,3439.16181199899,5169.968312813488,3211.3235690449415,3663.8418775022,7585.749504331929,3032.4592206118964,1639.4512226116121,6290.71926448118,4832.886268586143,1802.5530883269887
studio,4,270000,75017,PLACE DE CLICHY,LA FOURCHE,BLANCHE,1,0,17,48.884015,2.326341,/annonces/appartement-paris-17e-75017-r430400316,48.883118616349996,2.3272234572712502,48.88781247984,2.32544712131,48.883484736039996,2.33280405126,118.86958811560879,427.76732560633246,476.7794920234268,3862.8439081500464,1259.4765794304137,2685.5881749004006,3695.3503536900744,3234.218464911722,2682.535326482142,4696.674381482502,3700.9947136925935,4605.234193202478,2559.3787749417074,2240.190054006114,3696.763497605391
appartement,8,270000,75017,PLACE DE CLICHY,LA FOURCHE,ROME,2,1,38,48.885258,2.325458,/annonces/appartement-paris-17e-r427800364,48.883118616349996,2.3272234572712502,48.88781247984,2.32544712131,48.8820708339,2.32039833931,270.96024976898593,284.36450997129737,512.8938702586576,4015.5079762788473,1296.6774811143403,2837.394709292435,3764.405572729466,3384.140516489504,2822.0489990753053,4722.616861595225,3835.3902018945505,4757.955893621025,2567.617631010378,2336.2612097568417,3738.7460981258328
appartement,14,690000,75019,PLACE DES FETES,JOURDAIN,BOTZARIS,2,1,50,48.877188,2.390606,/annonces/appartement-paris-19e-r428700517,48.87718327565,2.393248718535,48.87440718788,2.389086064464,48.8794332474,2.3896152440033336,193.47962008252165,328.95276100517816,260.2518694800188,4011.5057424356573,3644.68090002957,4243.92391436849,7346.170060918011,3348.0386114605217,5066.96107375055,2075.459721741924,5758.917442438378,4402.16775624033,7007.310407326203,5869.011813297773,4657.086400607588
appartement,2,1030000,75005,PLACE MONGE (JARDIN DES PLANTES),JUSSIEU,CARDINAL LEMOINE,3,2,67,48.843646,2.352927,/annonces/appartement-paris-5e-75005-r430000108,48.8431646928,2.35211036242,48.8461392273,2.354585033306667,48.846553052999994,2.3515734426900003,80.31249326396863,302.96072242440795,338.4630979882413,1063.1289787741111,4859.043915633346,2233.0843207534604,4578.636934335626,1886.6892506278082,2646.660228273964,6342.787292805738,2339.312366837543,314.6335543332093,5406.282122493606,3894.92686293399,745.5210012218786
appartement,9,705000,75014,PLAISANCE,PERNETY,DIDOT,3,2,61,48.831352,2.315964,/annonces/appartement-paris-14e-r427800027,48.83200955073333,2.3129043957733333,48.833760761375004,2.3177354173925,48.826017873366666,2.3132747422466666,235.85008886594565,297.90849034634465,625.6425324270176,3467.757019277248,6483.222289505318,3689.669679947395,3383.0816276443597,4212.906356000132,3273.710224964472,8899.698999988304,2229.0201553452735,3177.50879729681,4965.481309130325,3884.631774483992,2697.320124117129
appartement,14,995000,75010,POISSONNIERE,GARE DU NORD,GARE DE L'EST (VERDUN),4,2,87,48.877018,2.352457,/annonces/appartement-paris-10e-r428600347,48.8773530953,2.34938142395,48.8807024566,2.357429985676,48.8764170529,2.35898704646,228.23825592436472,548.4266470116119,482.74041869476554,2679.718783504336,1290.3102242606476,2058.551352979564,4729.901533278373,1828.5566584662736,2685.7463127305514,3332.983760579302,3628.531509406479,3400.6555034579555,4219.405764299464,3184.2124911779474,2996.841420335466
appartement,0,900000,75017,PORTE DE CHAMPERRET,PEREIRE - MARECHAL JUIN,PEREIRE,2,1,74,48.882053,2.294,/annonces/appartement-paris-17e-75017-r430000325,48.885660705625,2.2923478803825,48.884103255325,2.297513988535,48.88516598555,2.2974825119949998,419.4224397036023,343.8907927747668,430.2046769200922,5222.575790614936,3626.790824045424,3975.9626966377173,2648.8544934867755,4902.961031113913,3429.7863149955297,7045.58151769792,4068.919766070026,5848.08723564475,924.1711921059019,2215.788166249607,1906.9850579082251
maison,12,4113500,75012,PORTE DE CHARENTON,PORTE DOREE,MICHEL BIZOT,11,8,252,48.833913,2.403578,/annonces/maison-paris-12e-r428800183,48.83201240588,2.398611397076,48.8396821402,2.39558417035,48.8369431589,2.4028197031066667,420.96685403512635,869.1998093375134,341.86128623139746,4463.3825449386495,7371.662758009373,5678.879081374099,8437.98494438598,4778.599743749007,6339.885469861656,6978.033596888832,6202.168090899046,3977.6801247874578,9104.968293917269,7594.003146250474,1707.6409001832158
appartement,12,495000,75012,PORTE DE CHARENTON,DAUMESNIL (FELIX EBOUE),MICHEL BIZOT,6,4,104,48.834883,2.396209,/annonces/appartement-paris-12e-75012-r429701453,48.83201240588,2.398611397076,48.83551503691667,2.4065119865966667,48.8369431589,2.4028197031066667,364.83368698437533,758.2074457057699,535.9303305972413,3940.5162011573957,6970.297466687311,5168.492648677651,7892.324795343259,4295.893797837896,5812.2187543398295,6802.65231805037,5655.29321495699,3435.3862530593306,8582.63997175438,7069.047162629823,1230.3634706732298
appartement,8,250000,75018,PORTE DE LA CHAPELLE,MARX-DORMOY,COLETTE BESSON,2,1,26,48.894161,2.359563,/annonces/appartement-paris-18e-75018-r430400147,48.89798856026667,2.3592005556233335,48.8903740812,2.35979700867,48.89854728465,2.36283349109,426.90691301509827,421.9056496543278,543.7864132291304,4635.209816068465,1461.9600358309135,3998.9856380247334,6217.969338351522,3772.771506746391,4512.299559883113,2086.969691609982,5517.936852030894,5332.324495559923,5240.102943138453,4661.104446570896,4974.117931265871
appartement,4,800000,75016,PORTE DE SAINT-CLOUD,EXELMANS,MICHEL-ANGE - MOLITOR,4,2,77,48.838857,2.257576,/annonces/appartement-paris-16e-75016-r430400830,48.83796851263333,2.2559355586333334,48.843172220499994,2.26031421178,48.8455146641,2.26218310125,155.65599647694665,520.5765743056688,814.369578768293,6951.4144147756815,8224.365057788036,6394.317547563614,3461.3793995819146,7360.5408198169225,5572.164850743399,11458.260940992555,4969.961743274771,7024.006087990991,4758.248964248775,5026.024115945998,3448.7329434733115
appartement,14,975000,75018,PORTE DE SAINT-OUEN,GUY MOQUET,LAMARCK - CAULAINCOURT,4,3,105,48.895132,2.331591,/annonces/appartement-paris-18e-75018-r429400401,48.897749908499996,2.32927718792,48.8928778504,2.327602175978,48.889603289,2.3396851462566666,337.0489759324722,384.95516601460923,854.2432948514422,4879.943033572514,1248.3023893465866,3812.3953554703535,4921.566910869976,4137.814268065175,3937.1260036398808,4127.139994692867,4970.731916306585,5634.226546683175,3579.09972230234,3522.926713461332,4836.326781146352
appartement,3,189000,75017,PORTE DE SAINT-OUEN,GUY MOQUET,PORTE DE CLICHY,2,1,16,48.896912,2.322711,/annonces/appartement-paris-17e-75017-r429800115,48.897749908499996,2.32927718792,48.8928778504,2.327602175978,48.8945886309,2.31253516081,489.49973668838925,574.2928554393809,788.3509807230271,5280.814024190322,1863.8960329069243,4136.204395318499,4772.75996522782,4592.920340666895,4127.9080470588,4778.109885722831,5128.2458220992485,6030.575407357527,3276.419427123387,3508.1989263214673,4580.701612235217
studio,7,240000,75017,PORTE MAILLOT - PALAIS DES CONGRES,PORTE MAILLOT - PALAIS DES CONGRES,ARGENTINE,1,0,18,48.87829,2.285149,/annonces/appartement-paris-17e-75017-r430401036,48.87800699753333,2.28428693742,48.87800699753333,2.28428693742,48.875690336,2.2891353116433333,70.53813937141598,70.53813937141598,411.0028021719949,5520.731100898518,4340.83394989706,4316.661742115741,2332.4571040851824,5308.89026642986,3658.9001677309407,7773.659758978416,4121.572984643163,6087.384711070171,881.0576795054911,2398.4592141866774,1145.854089975321
studio,12,260000,75019,PYRENEES,BELLEVILLE,BUTTES-CHAUMONT,1,0,15,48.873305,2.381889,/annonces/appartement-paris-19e-75019-r429701019,48.8738809745,2.3851680038366667,48.872296038275,2.377538107905,48.877803956,2.38121109974,248.49422211451162,337.785840601212,503.2747872253451,3250.052555664288,3218.3286079046275,3485.3154153202513,6614.975020671159,2577.28071653917,4315.4169083990355,2538.1840277111137,4989.777409471426,3671.231853093721,6359.282220783014,5162.765462930864,3888.841999322436
appartement,8,629000,75016,RANELAGH,JASMIN,LA MUETTE,3,1,55,48.855558,2.266278,/annonces/appartement-paris-16e-75016-r430400259,48.856451088166665,2.269976101236667,48.8521868703,2.26793425931,48.8580950497,2.27409644811,288.5294731943189,394.3940384208946,638.4957097815914,6138.875139127829,6608.3636218118545,5291.628378330596,2088.7363784673707,6337.840844921252,4443.341831706106,9970.389687912553,4182.3151206963375,6414.388066740512,2923.986081099137,3565.850800672465,1753.072737786879
studio,9,234000,75011,REPUBLIQUE,GONCOURT (HOPITAL SAINT-LOUIS),OBERKAMPF,1,0,18,48.867965,2.367672,/annonces/appartement-paris-11e-75011-r430400992,48.86745208116,2.363980182496,48.8700153552,2.37076879902,48.8649742906,2.36763241156,276.30085526882186,321.7386342535648,332.93686883259215,2109.5630280346422,2767.2144075781916,2299.709691933117,5466.462553378041,1382.8671597562707,3139.533209688721,3431.7995274086175,3791.0407282936885,2630.588566520081,5357.652324275025,4065.3191107452903,2713.8221267571894
studio,6,180000,75010,REPUBLIQUE,JACQUES BONSERGENT,TEMPLE,1,1,13,48.869181,2.363642,/annonces/appartement-paris-10e-75010-r429500686,48.86745208116,2.363980182496,48.87101534735,2.36074226324,48.8667641678,2.36157132703,194.04893568221138,294.5833115870544,308.8256883601176,2059.7819591343296,2475.839146920336,2078.01254834996,5207.352690159566,1258.1850406301144,2903.1651512787594,3452.841451871061,3613.6800831178657,2651.0486598062894,5049.283544258521,3780.183276587705,2610.0619133753125
appartement,9,650000,75011,RICHARD-LENOIR,SAINT-SEBASTIEN-FROISSART,CHEMIN VERT,2,1,54,48.859696,2.369688,/annonces/appartement-paris-11e-75011-r430300608,48.8604884128,2.3719204375,48.8609749972,2.36726229502,48.8595327015,2.375769133004,185.77545728792407,227.66438908074642,445.73955932982966,1623.261272201775,3594.6208321033,2324.3144834594623,5509.057544496723,1264.6177509355869,3157.013938641708,4231.138713954946,3563.9996125589455,1925.343426718613,5686.842025153636,4269.430315869861,2286.5597801691947
maison,0,3450000,75007,RUE DU BAC,SOLFERINO - BELLECHASSE,SEVRES - BABYLONE,6,3,180,48.855551,2.325712,/annonces/maison-paris-7e-r429100360,48.8558913378,2.3257049939,48.85801213266,2.323462591544,48.851479874757146,2.3267351688628573,37.889705630410525,319.6929386958388,459.35041979249996,1801.5117583421534,3702.7696107885226,1096.2207888049404,2305.8946936962398,2038.8133197304653,490.28698143408036,6388.102729683932,562.2876502320516,2223.613358062458,3027.112289542308,1539.7995052665042,1172.6436626885147
appartement,14,1395000,75006,SAINT-GERMAIN-DES-PRES,MABILLON,ODEON,3,1,80,48.855946,2.337421,/annonces/appartement-paris-6e-r428700663,48.853658458725,2.3335842736525,48.8528451337,2.33514371852,48.8521980452,2.33878000304,379.2334542546468,383.37495422102444,428.9304936109569,977.9776478571606,3459.6320302886347,580.708562344658,3154.200494964521,1217.7721998737502,908.6269893618694,5773.6578803369075,1204.0899201567652,1540.6266287558387,3684.331085927726,2167.628098925168,560.2032965755511
appartement,14,800000,75008,SAINT-PHILIPPE DU ROULE,GEORGE V,FRANKLIN-ROOSEVELT,3,2,62,48.872128,2.305361,/annonces/appartement-paris-8e-75008-r429600998,48.8724706658,2.31076910123,48.8690104279,2.3102531809,48.8690104279,2.3102531809,397.81005658686024,498.7570840490264,498.7570840490264,3901.385819564231,3204.478957076303,2686.32203860195,1736.62474488148,3681.268808739924,2064.5873452913843,6594.643704918311,2695.9503393329987,4494.858259778405,777.9158882173228,832.8523255734491,1669.9322602551927
studio,6,224000,75008,SAINT-PHILIPPE DU ROULE,FRANKLIN-ROOSEVELT,GEORGE V,1,0,15,48.872771,2.307243,/annonces/appartement-paris-8e-75008-r430400942,48.8724706658,2.31076910123,48.87194078726667,2.3008373778133335,48.87194078726667,2.3008373778133335,260.3324773587713,478.0329818614456,478.0329818614456,3827.337188009026,3049.4568907383805,2599.2376232291513,1865.5335983232003,3578.915009210013,2013.169497837587,6439.73543801546,2697.5623464530813,4436.198773411059,900.7001368889412,821.1918113823742,1822.4272435128898
studio,13,559000,75005,SAINT-SULPICE,MABILLON,RENNES,1,0,37,48.849845,2.332655,/annonces/appartement-paris-5e-r424301094,48.850764470550004,2.332808218565,48.8528451337,2.33514371852,48.8481982688,2.32802174863,102.96849559952733,380.48770079696186,385.7417783760943,1318.1672163473254,4183.812198340496,1318.2708541355444,2947.5847007853913,1881.086563285155,1206.2937944643304,6520.901496394713,721.330050483309,1519.2381873617105,3832.5274656602332,2353.3735082779986,587.1801779216125
studio,5,325000,75006,SAINT-SULPICE,RENNES,SAINT-PLACIDE,1,0,18,48.848956,2.331776,/annonces/appartement-paris-6e-r428900233,48.850764470550004,2.332808218565,48.8481982688,2.32802174863,48.8470118402,2.32705511136,215.04915818939938,287.65864184541437,407.96532896235396,1408.7790506627894,4293.046697610147,1432.2969576581568,2920.25129270528,1994.033569375299,1278.183783850527,6638.466290207677,681.5463020993492,1561.1783334439745,3856.8104974489993,2391.4771101492224,680.7831813371126
appartement,18,1600000,75015,SEGUR,SEVRES - LECOURBE,CAMBRONNE,3,2,79,48.84748,2.308745,/annonces/appartement-paris-15e-75015-r430000549,48.8468647021,2.30726884758,48.84484774345,2.3103746950049997,48.84767896444,2.300816281022,128.00441214110273,316.4094011573229,581.2435900728071,3083.8317094286904,5045.999288836666,2629.6490327363067,1590.2701761759445,3519.8863209057768,1903.7202161584435,7907.640768775089,1104.2196542496742,3225.6026365668477,3094.9456033870842,2095.1363365496823,2297.929868587679
appartement,12,1100000,75002,SENTIER,BONNE NOUVELLE,GRANDS BOULEVARDS,4,2,91,48.868797,2.347503,/annonces/appartement-paris-2e-75002-r429300022,48.8673773839,2.3470768150000003,48.8705767536,2.34849429371,48.871062455975,2.3430993364,161.08286810734177,210.99928233078123,409.35593188329,1767.9968703809595,2031.4746157169754,1098.462179235205,4054.937025568566,983.2749385854663,1823.1851495606118,4216.854087826008,2689.5871129408906,2514.964295667348,3881.4101747504924,2600.031026189998,2016.786043053053
appartement,10,840000,75002,SENTIER,BONNE NOUVELLE,REAUMUR - SEBASTOPOL,3,2,68,48.867427,2.347258,/annonces/appartement-paris-2e-75002-r430401004,48.8673773839,2.3470768150000003,48.8705767536,2.34849429371,48.866244464,2.3520261554,14.37126847010528,362.1266458007473,373.1497721548186,1618.5126269352459,2179.486069824735,972.4067606066004,3996.179380948832,851.3968443550941,1729.5062583590925,4339.030606581151,2565.8109121881594,2367.3460702485936,3888.5292614996324,2569.3838821804457,1864.9783641359554
appartement,12,982000,75020,SEVERINE,PORTE DE BAGNOLET,PELLEPORT,4,3,106,48.866987,2.407953,/annonces/appartement-paris-20e-r424101614,48.86742811395,2.408952250135,48.864158410819996,2.4091139219,48.865858574233336,2.4033148436,88.12132115855123,326.151562785881,362.12716655238006,4520.902304632571,5241.211979668931,5161.816734849286,8365.212381420371,4124.699490510422,6010.652076886795,3520.2315433121316,6481.40259473882,4643.671323499662,8302.423277938467,7010.680619080872,4538.441309880242
studio,5,162000,75018,SIMPLON,PORTE DE CLIGNANCOURT,JULES JOFFRIN,1,0,17,48.895618,2.348382,/annonces/appartement-paris-18e-r426900718,48.894384074066664,2.3472227776866665,48.898010584675,2.34442798509,48.8924969769,2.34432841055,161.44782489528598,393.28303486659314,456.861160703563,4745.692861726686,1056.6886553814418,3911.4188304432064,5732.067666640506,3910.5922000384694,4282.598391863718,2897.7322622187467,5321.278633537241,5480.47060652651,4599.830637410543,4214.20892095611,4968.2975958010575
appartement,14,430000,75002,STRASBOURG - SAINT-DENIS,REAUMUR - SEBASTOPOL,BONNE NOUVELLE,3,2,36,48.868472,2.35313,/annonces/appartement-paris-2e-r428800225,48.8683382789,2.35386134295,48.866244464,2.3520261554,48.8705767536,2.34849429371,55.58290825798096,260.809902837906,412.4526270347915,1737.5224905479201,2171.0983127340664,1374.030653607749,4441.610064158381,878.5330549337388,2164.764495579093,3965.9933798792,2957.030375584353,2449.409560294072,4294.44048713822,3006.500996704912,2125.1420980361913
appartement,14,988000,75017,TERNES,CHARLES DE GAULLE - ETOILE,ARGENTINE,3,1,79,48.878654,2.29497,/annonces/appartement-paris-17e-75017-r429600742,48.87826114115,2.29858014503,48.87480954443333,2.2971293978966667,48.875690336,2.2891353116433333,267.8932243663558,456.23059415332716,539.737860751276,4939.09139966101,3632.286963100872,3706.498198280678,2270.489279731305,4666.0848517086615,3115.835945603358,7068.863657778177,3711.4220036581946,5544.437201182547,542.6936877263781,1878.7736796496558,1749.5083936320493
appartement,14,850000,75017,TERNES,COURCELLES,PEREIRE - MARECHAL JUIN,4,2,86,48.879795,2.299484,/annonces/appartement-paris-17e-r426000519,48.87826114115,2.29858014503,48.87480954443333,2.2971293978966667,48.875690336,2.2891353116433333,183.12172885005486,581.1347099100489,884.7617402236119,4751.952377298295,3280.804303926984,3503.4580619083476,2424.873058893795,4429.974955729753,2972.091434238628,6716.4651809757,3651.4330575293,5383.154453616545,744.6282441390478,1781.399038073146,2090.2249167083196
studio,10,338000,75017,TERNES,CHARLES DE GAULLE - ETOILE,ARGENTINE,1,0,24,48.878654,2.29497,/annonces/appartement-paris-17e-75017-r429600744,48.87826114115,2.29858014503,48.87918763474,2.303173241722,48.884103255325,2.297513988535,267.8932243663558,603.4863270621162,634.552726584735,4939.09139966101,3632.286963100872,3706.498198280678,2270.489279731305,4666.0848517086615,3115.835945603358,7068.863657778177,3711.4220036581946,5544.437201182547,542.6936877263781,1878.7736796496558,1749.5083936320493
appartement,12,660000,75013,TOLBIAC,CORVISART,POTERNE DES PEUPLIERS,3,2,65,48.825902,2.351572,/annonces/appartement-paris-13e-75013-r430401147,48.8261594539,2.35701946619,48.8298632521,2.35062272793,48.827035169,2.3670112583266665,400.2553704205985,446.4182655856694,1138.495578132703,3018.733566191942,6808.684740786641,4047.020024551244,5518.954163797778,3862.21661762166,4205.982028778007,8220.017021039708,3480.622964256696,2291.2456586562753,6749.482253312196,5328.659403439175,2206.4694898422445
appartement,12,360000,75013,TOLBIAC,MAISON BLANCHE,OLYMPIADES,2,1,41,48.825715,2.360282,/annonces/appartement-paris-13e-r428400237,48.8261594539,2.35701946619,48.82262408326667,2.35831118161,48.82040211056667,2.351697790248333,244.16681013885795,373.1670201797705,863.4893740093364,3129.3807003085385,6917.1872455928815,4267.984722604243,6029.344707079577,3924.3784747226027,4537.846784177677,8055.956370395527,3913.690327712746,2375.4353318302274,7174.2245151547095,5715.545490257203,1596.930481309745
appartement,10,950000,75015,VAUGIRARD (ADOLPHE CHERIOUX),CONVENTION,VOLONTAIRES,4,2,86,48.837032,2.302088,/annonces/appartement-paris-15e-r427301330,48.8394392812,2.30107804247,48.8371369496,2.29639609016,48.8414184427,2.30799364939,278.0065498260641,417.21409552725856,652.42366836681515,3934.4284207433498,6299.533689159735,3760.0068595232115,2427.6233728813513,4527.878615127948,3116.1153142356247,9071.078510924724,2166.702049172888,3857.528084276284,4123.137969003954,3326.5552939393433,3050.8855874202113
appartement,10,630000,75006,VAVIN,NOTRE-DAME-DES-CHAMPS,RASPAIL,2,1,30,48.842305,2.330878,/annonces/appartement-paris-6e-75006-r430301232,48.84195741904,2.329161175604,48.8447650959,2.3287576767,48.8388783786,2.33067841929,131.59712965585862,314.84478808996016,381.72991238066334,1838.3807303786311,5032.911763863148,2161.9072832916218,3202.4700222376478,2578.073505874243,1985.7422904795812,7271.790157073767,1114.91587168705,1668.0749496897954,4377.935093707894,2986.575326864657,1099.498145853809
maison,12,1276000,75015,VOLONTAIRES,CAMBRONNE,SEGUR,5,3,94,48.84374,2.303247,/annonces/maison-paris-15e-r427200337,48.8414184427,2.30799364939,48.84767896444,2.300816281022,48.8468647021,2.30726884758,433.26684717838594,473.26175978770914,455.85400640514723,3576.6214507300815,5609.279985345084,3200.837311348829,1738.7629233159832,4064.6245701125436,2482.961876024248,8486.123388068781,1644.2521281211687,3639.2521169057254,3397.565568757133,2581.0631878346676,2404.442837193432
